    {
    "主页url":"http://ffzy5.tv/",
    
    "站名":"非凡资源网",
    
    "首页":"电视剧",
    
    "请求头":"User-Agent$Mozilla/5.0 (iPhone; CPU iPhone OS 15_2 like Mac OS X) AppleWebKit/605.1.15 (KHTML, like Gecko) Version/14.0 Mobile/15E148 Safari/604.1",
    
    "二次截取":"\"list\"*[&&]",
    
    "数组":"{&&\"vod_content\"",
    
    "图片":"vod_pic\"*\"&&\"",
    
    "标题":"vod_name\"*\"&&\"",
    
    "链接":"http://ffzy5.tv/index.php/vod/detail/id/+\"vod_id\":&&,+.html",
    
    "副标题":"vod_remarks\":\"&&\"",
    
    "搜索模式":"1",
    
    "搜索url":"http://ffzy5.tv/index.php/ajax/suggest.html?mid=1&wd={wd}",
    
    "搜索数组二次截取":"\"list\"*[&&]",
    
    "搜索数组":"{&&}",
    
    "搜索图片":"\"pic\"*\"&&\"",
    
    "搜索标题":"\"name\"*\"&&\"",
    
    "搜索链接":"http://ffzy5.tv/index.php/vod/detail/id/+\"id\":&&,+.html",
    
    "线路数组":"<h4>&&</h4>[替换:ffm3u8>>非凡①#feifan>>非凡②][排序:非凡①>>非凡②]",
    
    "线路标题":"非凡&&地址",
    
    "影片类型":"类型：&&</p>",
    
    "影片年代":"年代：&&</p>",
    
    "影片地区":"地区：&&</p>",
    
    "导演":"导演：&&</p>",
    
    "主演":"主演：&&</p>",
    
    "简介":"公众号【天微科技】提示：请勿相信片中广告！+<div class=\"vod_content\"&&</p>",
    
    "播放数组":"<div class=\"playlist wbox*>&&</div>",
    
    "播放列表":"<a&&</a>",
    
    "播放标题":"title=\"&&\"[不包含:复制]",
    
    "分类":"电影$1#电视剧$2#综艺$3#动漫$4#短剧$36",
    
    "分类url":"http://ffzy5.tv/index.php/ajax/data?mid=1&tid={cateId}&page={catePg}&limit=20",
    
    "筛选":{
    
    "34":[{"key":"cateId","name":"类型","value":[
        {"n":"电影","v":"1"},
        {"n":"动作片","v":"6"},
        {"n":"喜剧片","v":"7"},
        {"n":"爱情片","v":"8"},
        {"n":"科幻片","v":"9"},
        {"n":"恐怖片","v":"10"},
        {"n":"剧情片","v":"11"},
        {"n":"战争片","v":"12"},
        {"n":"纪录片","v":"20"}
        ]
        },
        {"key":"cateId","name":"类型","value":[
        {"n":"剧集","v":"2"},
        {"n":"国产剧","v":"13"},
        {"n":"港台剧","v":"14"},
        {"n":"韩国剧","v":"15"},
        {"n":"欧美剧","v":"16"},
        {"n":"台湾剧","v":"21"},
        {"n":"日本剧","v":"22"},
        {"n":"海外剧","v":"23"},
        {"n":"泰国剧","v":"24"}
        ]
        },
        {"key":"cateId","name":"类型","value":[
        {"n":"综艺","v":"3"},
        {"n":"大陆综艺","v":"25"},
        {"n":"港台综艺","v":"26"},
        {"n":"日韩综艺","v":"27"},
        {"n":"欧美综艺","v":"28"}
        ]
        },
        {"key":"cateId","name":"类型","value":[
        {"n":"动漫","v":"4"},
        {"n":"国产动漫","v":"29"},
        {"n":"日本动漫","v":"30"},
        {"n":"欧美动漫","v":"31"},
        {"n":"港台动漫","v":"32"},
        {"n":"海外动漫","v":"33"}
        ]
        }
        ],
        "1":[
        {"key":"cateId","name":"类型","value":[
        {"n":"电影","v":"1"},
        {"n":"动作片","v":"6"},
        {"n":"喜剧片","v":"7"},
        {"n":"爱情片","v":"8"},
        {"n":"科幻片","v":"9"},
        {"n":"恐怖片","v":"10"},
        {"n":"剧情片","v":"11"},
        {"n":"战争片","v":"12"},
        {"n":"纪录片","v":"20"}
        ]
        }
        ],
        "2":[
        {"key":"cateId","name":"类型","value":[
        {"n":"剧集","v":"2"},
        {"n":"国产剧","v":"13"},
        {"n":"港台剧","v":"14"},
        {"n":"韩国剧","v":"15"},
        {"n":"欧美剧","v":"16"},
        {"n":"台湾剧","v":"21"},
        {"n":"日本剧","v":"22"},
        {"n":"海外剧","v":"23"},
        {"n":"泰国剧","v":"24"}
        ]
        }
        ],
        "3":[
        {"key":"cateId","name":"类型","value":[
        {"n":"综艺","v":"3"},
        {"n":"大陆综艺","v":"25"},
        {"n":"港台综艺","v":"26"},
        {"n":"日韩综艺","v":"27"},
        {"n":"欧美综艺","v":"28"}
        ]
        }
        ],
        "4":[
        {"key":"cateId","name":"类型","value":[
        {"n":"动漫","v":"4"},
        {"n":"国产动漫","v":"29"},
        {"n":"日本动漫","v":"30"},
        {"n":"欧美动漫","v":"31"},
        {"n":"港台动漫","v":"32"},
        {"n":"海外动漫","v":"33"}
        ]
        }
        ]
        }
        }