{
    "作者": "cally",
    "站名": "可可影视",
    "主页url": "https://www.keke14.com:51111/",
    "分类url": "https://www.keke14.com:51111/show/{cateId}-----{by}-{catePg}.html[https://www.keke14.com:51111/show/{cateId}------.html];;ak",
    "分类": "电影&连续剧&动漫&综艺纪录&短剧",
    "分类值": "1&2&3&4&6",
    "数组": "module-item\">&&\"v-item-footer\">",
    "图片": "data-original=\"&&\"[替换:/vod1/>>https://vres.miximixi.me/vod1/]",
    "标题": "title=\"&&\"",
    "副标题": "v-item-bottom\">&&</span>",
    "链接": "href=\"&&\"",
    "搜索二次截取": "id=\"units_top\"&&id=\"units_footer\"",
    "搜索url": "https://www.keke14.com:51111/search?os=pc&k={wd}",
    "搜索数组": "<a&&class=\"tags\"",
    "搜索图片": "data-original=\"&&\"[替换:/vod1/>>https://vres.miximixi.me/vod1/]",
    "搜索标题": "class=\"title\">&&</div>",
    "搜索副标题": "search-result-item-header\">&&</div>",
    "搜索链接": "href=\"&&\"",
    "线路数组": "source-item\">&&<i[排序:超清>极速蓝光]",
    "线路标题": ">&&<",
    "播放数组": "episode-list\"&&</div",
    "播放列表": "<a&&/a",
    "播放标题": ">&&<",
    "播放链接": "href=\"&&\"",
    "嗅探词": ".m3u8#video_mp4#tos-#.mp4#cdn.123pan.cn#huoshanvod.com",
    "影片年代": "首映:</div>&&</div>",
    "影片地区": "",
    "影片类型": "",
    "影片状态": "detail-info-row-main\">&&</div>",
    "导演": "导演:</div>&&</div>",
     "主演": "演员:</div>&&</div>",
    "简介": "公众号：【天微科技】提醒您：请勿相信影片中的广告，以免上当受骗！+detail-desc\">&&</p>",
    "排序": "综合$1#时间$2#人气$3#评分$4"
}