    {
    
    "作者":"天天开心",
    
    "站名":"小茶狐",
    
    "主页url":"https://www.5jcd.com/",
    
    "简介":"公众号【天微科技】提示您：请勿相信影片中的广告，以免上当受骗！+col-pd\">&&</p>",
    
    "线路数组":"<h3&&</h3>[替换:小茶狐播放器>>小茶狐线路]",
    
    "线路标题":"+>&&",
    
    "分类url":"https://www.5jcd.com/show_/area/{area}/by/{by}/class/{class}/id/{cateId}/lang/{lang}/page/{catePg}/year/{year}.html;;ax",
    
    "分类":"电影$1#电视剧$2#综艺$3#动漫$4"}