{
                "请求头": "手机",
                "主页url": "https://www.mp4br.com",
                "数组": "",
                "标题": "",
                "副标题": "</p><i>&&</i>",
                "图片": "img src=\"&&\"",
                "简介": "div class=\"tjuqing\">&&</div>",
                "线路数组": "<h2>&&</h2>",
                "线路标题": "公众号：天微科技/+&&",
                "播放数组": "class=\"video_list fn-clear\">&&</div>",
                "播放列表": "<a&&</a",
                "播放标题": ">&&</a",
                "播放链接": "href=\"&&\"",
                "嗅探词": "index.m3u8",
                "跳转播放链接": "urlDecode(var player_*url\":\"&&\")",
                "搜索数组": "<li><a class=\"play-img&&</a",
                "搜索图片": "src=\"&&\"",
                "搜索标题": "alt=\"&&\"",
                "搜索链接": "href=\"&&\"",
                "搜索url": "https://www.mp4br.com/sousuo/page/{pg}/wd/{wd}.html",
                "分类数组": "<li&&</li>",
                "分类标题": ">&&</a",
                "分类ID": "href=\"/dy/hd&&.html\"",
                "分类url": "https://www.mp4br.com/gaojisousuo/{cateId}-{area}-{by}-{class}-----{catePg}---{year}.html"
            }