{
                "请求头": "手机",
                "发布页": "https://www.cdnkan.top/",
                "主页url": "https://physvod.com/",
                "数组": "",
                "图片": "data-original=\"&&\"",
                "标题": "title=\"&&\"",
                "副标题": "class=\"module-info-item\">&&</div>",
                "链接": "",
                "简介": "",
                "线路数组": "class=\"module-tab-item tab-item\"&&</div>",
                "线路标题": "开心软件+<span>&&</small>[替换:</span><small>>>共]+集",
                "分类url": "https://physvod.com/vodshow/{cateId}/area/{area}/by/{by}/class/{class}/lang/{lang}/page/{catePg}/year/{year}.html",
                "分类": "电影&电视剧&动漫&综艺&短剧&解说&其他&",
                "分类值": "1&2&4&3&7&8&9&"
 }