{
"站名": "西屋影视",
"作者": "天天开心",
"首页": "电影$20",
"分类url": "https://www.xiwutv.com/vodshow/{cateId}-{area}-{by}-{class}-{lang}----{catePg}---{year}.html",
"分类二次截取": "<ul&&</ul>",
"分类数组": "<a&&/a>",
"分类标题": "<span>&&</span>[不包含:首页#体育]",
"分类ID": "vodtype/&&.html",
"数组": "module-item-pic\">&&\"module-item\">",
"图片": "data-src=\"&&\"",
"标题": "title=\"&&\"",
"副标题": "module-item-text\">&&</div>",
"链接": "href=\"&&\"",
"影片年代": "slash\">**</div>&&</a>",
"影片地区": "</a><a class=\"tag-link\"*>&&</a>",
"影片类型": "slash\">&&</div>",
"简介": "天天开心提醒您：请勿相信影片中的广告，以免上当受骗！+vod_content\">&&</span>",    
"线路数组": "data-dropdown-value=\"*\">&&</small>",
"线路标题": "&&[替换:飞速线路1>>线路①#飞速线路2>>线路②#飞速线路3>>线路③#飞速线路4>>线路④#</span><small>>>共]+集",
"播放数组": "scroll-content\">&&</div></div>",
"播放列表": "<a&&</a>",
"播放标题": "<span>&&</span>",
"播放链接": "href=\"&&\"",   
"搜索url": "https://www.xiwutv.com/vodsearch/{wd}-------------.html",
"搜索数组": "module-item-pic\">&&<h3>",
"搜索图片": "data-src=\"&&\"",
"搜索标题": "alt=\"&&\"",
"搜索副标题": "video-info-header\">&&</a>",
"搜索链接": "video-serial\" href=\"&&\"",
"排序": "时间$time#人气$hits#评分$score",
"筛选":{
"20":[
{"key":"cateId","name":"类型","value":[
{"n":"全部","v":""},
{"n":"动作","v":"22"},
{"n":"喜剧","v":"23"},
{"n":"爱情","v":"21"},
{"n":"科幻","v":"25"},
{"n":"恐怖","v":"26"},
{"n":"剧情","v":"27"},
{"n":"战争","v":"28"},
{"n":"动画","v":"29"}]},    
{"key":"class","name":"剧情","value":[
{"n":"全部","v":""},
{"n":"喜剧","v":"喜剧"},
{"n":"爱情","v":"爱情"},
{"n":"恐怖","v":"恐怖"},
{"n":"动作","v":"动作"},
{"n":"科幻","v":"科幻"},
{"n":"剧情","v":"剧情"},
{"n":"战争","v":"战争"},
{"n":"警匪","v":"警匪"},
{"n":"犯罪","v":"犯罪"},
{"n":"动画","v":"动画"},
{"n":"奇幻","v":"奇幻"},
{"n":"武侠","v":"武侠"},
{"n":"冒险","v":"冒险"},
{"n":"枪战","v":"枪战"},
{"n":"恐怖","v":"恐怖"},
{"n":"悬疑","v":"悬疑"},
{"n":"惊悚","v":"惊悚"},
{"n":"经典","v":"经典"},
{"n":"青春","v":"青春"},
{"n":"古装","v":"古装"},
{"n":"历史","v":"历史"},
{"n":"农村","v":"农村"},
{"n":"儿童","v":"儿童"},
{"n":"网络电影","v":"网络电影"}]},    
{"key":"area","name":"地区","value":[
{"n":"全部","v":""},
{"n":"中国","v":"中国"},
{"n":"香港","v":"香港"},
{"n":"台湾","v":"台湾"},
{"n":"美国","v":"美国"},
{"n":"法国","v":"法国"},
{"n":"英国","v":"英国"},
{"n":"日本","v":"日本"},
{"n":"韩国","v":"韩国"},
{"n":"德国","v":"德国"},
{"n":"泰国","v":"泰国"},
{"n":"印度","v":"印度"},
{"n":"意大利","v":"意大利"},
{"n":"西班牙","v":"西班牙"},
{"n":"加拿大","v":"加拿大"},
{"n":"其他","v":"其他"}]},  
{"key":"lang","name":"语言","value":[
{"n":"全部语言","v":""},
{"n":"国语","v":"国语"},
{"n":"英语","v":"英语"},
{"n":"粤语","v":"粤语"},
{"n":"闽南语","v":"闽南语"},
{"n":"韩语","v":"韩语"},
{"n":"日语","v":"日语"},
{"n":"其它","v":"其它"}] },   
{"key":"year","name":"年份","value":[
{"n":"全部","v":""},{"n":"2024","v":"2024"},{"n":"2023","v":"2023"},{"n":"2022","v":"2022"},{"n":"2021","v":"2021"},{"n":"2020","v":"2020"},{"n":"2019","v":"2019"},{"n":"2018","v":"2018"},{"n":"2017","v":"2017"},{"n":"2016","v":"2016"},{"n":"2015","v":"2015"},{"n":"2014","v":"2014"},{"n":"2013","v":"2013"},{"n":"2012","v":"2012"},{"n":"2011","v":"2011"},{"n":"2010","v":"2010"},{"n":"2009","v":"2009"},{"n":"2008","v":"2008"},{"n":"2006","v":"2006"},{"n":"2005","v":"2005"}]}],

"31":[
{"key":"cateId","name":"类型","value":[
{"n":"全部","v":"30"},
{"n":"港剧","v":"32"},
{"n":"台湾","v":"33"},
{"n":"日剧","v":"34"},
{"n":"韩剧剧","v":"35"},
{"n":"欧美剧","v":"36"},
{"n":"海外剧","v":"38"},
{"n":"短剧","v":"39"},
{"n":"泰国剧","v":"37"}]},   
{"key":"class","name":"剧情","value":[
{"n":"全部","v":""},
{"n":"玄幻","v":"玄幻"},
{"n":"战争","v":"战争"},
{"n":"喜剧","v":"喜剧"},
{"n":"爱情","v":"爱情"},
{"n":"犯罪","v":"犯罪"},
{"n":"动作","v":"动作"},
{"n":"剧情","v":"剧情"},
{"n":"历史","v":"历史"},
{"n":"乡村","v":"乡村"},
{"n":"商战","v":"商战"},
{"n":"网剧","v":"网剧"},
{"n":"其他","v":"其他"}]},
{"key":"area","name":"地区","value":[
{"n":"全部","v":""},
{"n":"大陆","v":"大陆"},
{"n":"台湾","v":"台湾"},
{"n":"香港","v":"香港"},
{"n":"韩国","v":"韩国"},
{"n":"日本","v":"日本"},
{"n":"美国","v":"美国"},
{"n":"泰国","v":"泰国"},
{"n":"英国","v":"英国"},
{"n":"新加坡","v":"新加坡"},
{"n":"其他","v":"其他"}]},   
{"key":"lang","name":"语言","value":[
{"n":"全部语言","v":""},
{"n":"国语","v":"国语"},
{"n":"英语","v":"英语"},
{"n":"粤语","v":"粤语"},
{"n":"闽南语","v":"闽南语"},
{"n":"韩语","v":"韩语"},
{"n":"日语","v":"日语"},
{"n":"其它","v":"其它"}] },
{"key":"year","name":"年份","value":[
{"n":"全部","v":""},{"n":"2024","v":"2024"},{"n":"2023","v":"2023"},{"n":"2022","v":"2022"},{"n":"2021","v":"2021"},{"n":"2020","v":"2020"},{"n":"2019","v":"2019"},{"n":"2018","v":"2018"},{"n":"2017","v":"2017"},{"n":"2016","v":"2016"},{"n":"2015","v":"2015"},{"n":"2014","v":"2014"},{"n":"2013","v":"2013"},{"n":"2012","v":"2012"},{"n":"2011","v":"2011"},{"n":"2010","v":"2010"},{"n":"2009","v":"2009"},{"n":"2008","v":"2008"},{"n":"2006","v":"2006"},{"n":"2005","v":"2005"}]}],

"40":[
{"key":"cateId","name":"类型","value":[
{"n":"全部","v":""},
{"n":"国产动漫","v":"41"},
{"n":"日韩动漫","v":"422"},
{"n":"港台动漫","v":"433"},
{"n":"欧美动漫","v":"44"}]},

{"key":"area","name":"地区","value":[
{"n":"全部","v":""},
{"n":"大陆","v":"大陆"},
{"n":"香港","v":"香港"},
{"n":"台湾","v":"台湾"},
{"n":"美国","v":"美国"},
{"n":"韩国","v":"韩国"},
{"n":"日本","v":"日本"}]},

{"key":"lang","name":"语言","value":[
{"n":"全部语言","v":""},
{"n":"国语","v":"国语"},
{"n":"英语","v":"英语"},
{"n":"粤语","v":"粤语"},
{"n":"闽南语","v":"闽南语"},
{"n":"韩语","v":"韩语"},
{"n":"日语","v":"日语"},
{"n":"其它","v":"其它"}] },

{"key":"year","name":"年份","value":[
{"n":"全部","v":""},{"n":"2024","v":"2024"},{"n":"2023","v":"2023"},{"n":"2022","v":"2022"},{"n":"2021","v":"2021"},{"n":"2020","v":"2020"},{"n":"2019","v":"2019"},{"n":"2018","v":"2018"},{"n":"2017","v":"2017"},{"n":"2016","v":"2016"},{"n":"2015","v":"2015"},{"n":"2014","v":"2014"},{"n":"2013","v":"2013"},{"n":"2012","v":"2012"},{"n":"2011","v":"2011"},{"n":"2010","v":"2010"},{"n":"2009","v":"2009"},{"n":"2008","v":"2008"},{"n":"2006","v":"2006"},{"n":"2005","v":"2005"}]}],

"45":[
{"key":"cateId","name":"类型","value":[
{"n":"全部","v":""},
{"n":"国产综艺","v":"46"},
{"n":"港台综艺","v":"47"},
{"n":"日韩综艺","v":"48"},
{"n":"欧美综艺","v":"49"}]},

{"key":"area","name":"地区","value":[
{"n":"全部","v":""},
{"n":"大陆","v":"大陆"},
{"n":"香港","v":"香港"},
{"n":"台湾","v":"台湾"},
{"n":"美国","v":"美国"},
{"n":"韩国","v":"韩国"},
{"n":"日本","v":"日本"},
{"n":"日泰国","v":"泰国"},
{"n":"其他","v":"其他"}]},

{"key":"lang","name":"语言","value":[
{"n":"全部语言","v":""},
{"n":"国语","v":"国语"},
{"n":"英语","v":"英语"},
{"n":"粤语","v":"粤语"},
{"n":"闽南语","v":"闽南语"},
{"n":"韩语","v":"韩语"},
{"n":"日语","v":"日语"},
{"n":"其它","v":"其它"}] },

{"key":"year","name":"年份","value":[
{"n":"全部","v":""},{"n":"2024","v":"2024"},{"n":"2023","v":"2023"},{"n":"2022","v":"2022"},{"n":"2021","v":"2021"},{"n":"2020","v":"2020"},{"n":"2019","v":"2019"},{"n":"2018","v":"2018"},{"n":"2017","v":"2017"},{"n":"2016","v":"2016"},{"n":"2015","v":"2015"},{"n":"2014","v":"2014"},{"n":"2013","v":"2013"},{"n":"2012","v":"2012"},{"n":"2011","v":"2011"},{"n":"2010","v":"2010"},{"n":"2009","v":"2009"},{"n":"2008","v":"2008"},{"n":"2006","v":"2006"},{"n":"2005","v":"2005"}]}]
},

"主页url": "https://www.xiwutv.com/"
}